id,p_origen,tipo_identificacion,numero_identificacion,nombre,apellido,direccion,numero_calle,uv,texto1,texto2,texto3,texto4,autor,created,updated,nombre_formulario
9,Chile,Rut,11.555.555-5,Junito,Jones,ALONSO DE REINOSO,2360,2,Juanito.....juanito jones,,,,3,2021-03-17 04:02:50,2021-03-17 04:02:50,Formulario OMIL
8,Chile,Rut,11.444.444-4,Juan,Carlos,ALCALDE GERMAN DOMINGUEZ,1001,22,a veces gano y a veces no,,,,3,2021-03-17 02:56:31,2021-03-17 02:56:31,Formulario OMIL
7,Chile,Rut,11.333.333-3,,,BALDOMERO FLORES,2021,11,,,,,1,2021-03-17 01:37:28,2021-03-17 01:37:28,Formulario OMIL
6,Chile,Rut,11.222.222-2,Ignacio,Perez,AGUSTIN MEZA,2225,4,,,,,1,2021-03-17 00:52:46,2021-03-17 02:04:04,Formulario OMIL
5,Chile,Rut,11.111.111-1,,,ALFREDO GUILLERMO BRAVO,1187,17,,,,,1,2021-03-17 00:42:25,2021-03-17 00:42:25,Formulario OMIL
4,Chile,Rut,18.465.635-3,Octavio,Montt,AGUA SANTA,1398,2,"Lorem ipsum dolor sit amet, consectetur adipiscing elit. Sed interdum mi ac sodales mollis. Aenean in volutpat sapien. In ac sollicitudin ligula. Donec tempus nisl in lacus tristique, vel posuere ligula venenatis. Donec quis faucibus arcu, sit amet blandit lacus. Donec rhoncus magna nec massa semper, vel bibendum ante cursus. Nulla bibendum, augue sit amet tempor faucibus, ligula sapien venenatis nunc, et lacinia dui odio ac elit.",,,,1,2021-03-10 16:01:09,2021-03-17 01:45:11,Formulario OMIL
3,Venezuela,Rut,14.143.797-6,Venezolano,1,GAMERO,666,22,,,,,1,2021-03-10 15:18:13,2021-03-17 04:00:53,Formulario OMIL
2,Chile,Rut,18.640.101-8,,,LA PAZ,482,9,cula purus sodales. Curabitur efficitur vitae felis nec molestie. Integer bibendum turpis sed libero semper molestie. Vestibulum vel suscipit q,"Vivamus congue dolor vitae tristique aliquet. Integer vulputate pellentesque lectus, non feugiat est tincidunt et. Aenean congue, lectus sed ornare semper,","Lorem ipsum dolor sit amet, consectetur adipiscing elit. Sed interdum mi ac sodales mollis. Aenean in volutpat sapien. In ac sollicitudin ligula. Donec tempus nisl in lacus tristique, vel posuere ligula venenatis. Donec quis faucibus arcu, sit amet blandit lacus. Donec rhoncus magna nec massa semper, vel bibendum ante cursus. Nulla bibendum, augue sit amet tempor faucibus, ligula sapien venenatis nunc, et lacinia dui odio ac elit.",,1,2021-03-10 15:10:44,2021-03-17 00:26:49,Formulario OMIL
1,Chile,Rut,18.465.635-3,,,INDEPENDENCIA,1000,8,Primera respuesta,segunda respuesta,Tercera respuesta,,1,2021-03-03 06:14:02,2021-03-03 06:14:02,Formulario OMIL
